study,subject_id,night,recording_id,historical_p1_status,status,resolution,proposed_scope_eligibility,error
SC,SC:00,1,SC4001E0,original_raw_grid,VERIFIED,READERS_AGREE,VERIFIED,
SC,SC:00,2,SC4002E0,original_raw_grid,VERIFIED,READERS_AGREE,VERIFIED,
SC,SC:01,1,SC4011E0,original_raw_grid,VERIFIED,READERS_AGREE,VERIFIED,
SC,SC:01,2,SC4012E0,original_raw_grid,VERIFIED,READERS_AGREE,VERIFIED,
SC,SC:02,1,SC4021E0,original_raw_grid,VERIFIED,READERS_AGREE,VERIFIED,
SC,SC:02,2,SC4022E0,original_raw_grid,VERIFIED,READERS_AGREE,VERIFIED,
SC,SC:03,1,SC4031E0,original_raw_grid,VERIFIED,READERS_AGREE,VERIFIED,
SC,SC:03,2,SC4032E0,original_raw_grid,VERIFIED,READERS_AGREE,VERIFIED,
SC,SC:04,1,SC4041E0,original_raw_grid,VERIFIED,READERS_AGREE,VERIFIED,
SC,SC:04,2,SC4042E0,original_raw_grid,VERIFIED,READERS_AGREE,VERIFIED,
SC,SC:05,1,SC4051E0,original_raw_grid,VERIFIED,READERS_AGREE,VERIFIED,
SC,SC:05,2,SC4052E0,original_raw_grid,VERIFIED,READERS_AGREE,VERIFIED,
SC,SC:06,1,SC4061E0,original_raw_grid,VERIFIED,READERS_AGREE,BLOCKED,
SC,SC:06,2,SC4062E0,original_raw_grid,BLOCKED,QUARANTINE,BLOCKED,paired fixed clock or patient/recording fields disagree
SC,SC:07,1,SC4071E0,original_raw_grid,VERIFIED,READERS_AGREE,VERIFIED,
SC,SC:07,2,SC4072E0,original_raw_grid,VERIFIED,READERS_AGREE,VERIFIED,
SC,SC:08,1,SC4081E0,original_raw_grid,VERIFIED,READERS_AGREE,VERIFIED,
SC,SC:08,2,SC4082E0,original_raw_grid,VERIFIED,READERS_AGREE,VERIFIED,
SC,SC:09,1,SC4091E0,original_raw_grid,VERIFIED,READERS_AGREE,VERIFIED,
SC,SC:09,2,SC4092E0,original_raw_grid,VERIFIED,READERS_AGREE,VERIFIED,
SC,SC:10,1,SC4101E0,original_raw_grid,VERIFIED,READERS_AGREE,VERIFIED,
SC,SC:10,2,SC4102E0,original_raw_grid,VERIFIED,READERS_AGREE,VERIFIED,
SC,SC:11,1,SC4111E0,original_raw_grid,VERIFIED,READERS_AGREE,VERIFIED,
SC,SC:11,2,SC4112E0,original_raw_grid,VERIFIED,READERS_AGREE,VERIFIED,
SC,SC:12,1,SC4121E0,original_raw_grid,VERIFIED,READERS_AGREE,VERIFIED,
SC,SC:12,2,SC4122E0,original_raw_grid,VERIFIED,READERS_AGREE,VERIFIED,
SC,SC:13,1,SC4131E0,original_raw_grid,VERIFIED,READERS_AGREE,VERIFIED,
SC,SC:14,1,SC4141E0,original_raw_grid,VERIFIED,READERS_AGREE,VERIFIED,
SC,SC:14,2,SC4142E0,original_raw_grid,VERIFIED,READERS_AGREE,VERIFIED,
SC,SC:15,1,SC4151E0,original_raw_grid,VERIFIED,READERS_AGREE,VERIFIED,
SC,SC:15,2,SC4152E0,original_raw_grid,VERIFIED,READERS_AGREE,VERIFIED,
SC,SC:16,1,SC4161E0,original_raw_grid,VERIFIED,READERS_AGREE,VERIFIED,
SC,SC:16,2,SC4162E0,original_raw_grid,VERIFIED,READERS_AGREE,VERIFIED,
SC,SC:17,1,SC4171E0,original_raw_grid,VERIFIED,READERS_AGREE,VERIFIED,
SC,SC:17,2,SC4172E0,original_raw_grid,VERIFIED,READERS_AGREE,VERIFIED,
SC,SC:18,1,SC4181E0,original_raw_grid,VERIFIED,READERS_AGREE,VERIFIED,
SC,SC:18,2,SC4182E0,original_raw_grid,VERIFIED,READERS_AGREE,VERIFIED,
SC,SC:19,1,SC4191E0,original_raw_grid,VERIFIED,READERS_AGREE,VERIFIED,
SC,SC:19,2,SC4192E0,original_raw_grid,VERIFIED,READERS_AGREE,VERIFIED,
SC,SC:20,1,SC4201E0,original_raw_grid,VERIFIED,READERS_AGREE,VERIFIED,
SC,SC:20,2,SC4202E0,original_raw_grid,VERIFIED,READERS_AGREE,VERIFIED,
SC,SC:21,1,SC4211E0,original_raw_grid,VERIFIED,READERS_AGREE,VERIFIED,
SC,SC:21,2,SC4212E0,original_raw_grid,VERIFIED,READERS_AGREE,VERIFIED,
SC,SC:22,1,SC4221E0,original_raw_grid,VERIFIED,READERS_AGREE,VERIFIED,
SC,SC:22,2,SC4222E0,original_raw_grid,VERIFIED,READERS_AGREE,VERIFIED,
SC,SC:23,1,SC4231E0,original_raw_grid,BLOCKED,QUARANTINE,BLOCKED,paired fixed clock or patient/recording fields disagree
SC,SC:23,2,SC4232E0,original_raw_grid,VERIFIED,READERS_AGREE,BLOCKED,
SC,SC:24,1,SC4241E0,original_raw_grid,VERIFIED,READERS_AGREE,VERIFIED,
SC,SC:24,2,SC4242E0,original_raw_grid,VERIFIED,READERS_AGREE,VERIFIED,
SC,SC:25,1,SC4251E0,original_raw_grid,VERIFIED,READERS_AGREE,VERIFIED,
SC,SC:25,2,SC4252E0,original_raw_grid,VERIFIED,READERS_AGREE,VERIFIED,
SC,SC:26,1,SC4261F0,original_raw_grid,VERIFIED,READERS_AGREE,VERIFIED,
SC,SC:26,2,SC4262F0,original_raw_grid,VERIFIED,READERS_AGREE,VERIFIED,
SC,SC:27,1,SC4271F0,original_raw_grid,VERIFIED,READERS_AGREE,VERIFIED,
SC,SC:27,2,SC4272F0,original_raw_grid,VERIFIED,READERS_AGREE,VERIFIED,
SC,SC:28,1,SC4281G0,original_raw_grid,VERIFIED,READERS_AGREE,VERIFIED,
SC,SC:28,2,SC4282G0,original_raw_grid,VERIFIED,READERS_AGREE,VERIFIED,
SC,SC:29,1,SC4291G0,original_raw_grid,VERIFIED,READERS_AGREE,VERIFIED,
SC,SC:29,2,SC4292G0,original_raw_grid,VERIFIED,READERS_AGREE,VERIFIED,
SC,SC:30,1,SC4301E0,original_raw_grid,VERIFIED,READERS_AGREE,VERIFIED,
SC,SC:30,2,SC4302E0,original_raw_grid,VERIFIED,READERS_AGREE,VERIFIED,
SC,SC:31,1,SC4311E0,original_raw_grid,VERIFIED,READERS_AGREE,VERIFIED,
SC,SC:31,2,SC4312E0,original_raw_grid,VERIFIED,READERS_AGREE,VERIFIED,
SC,SC:32,1,SC4321E0,original_raw_grid,VERIFIED,READERS_AGREE,VERIFIED,
SC,SC:32,2,SC4322E0,original_raw_grid,VERIFIED,READERS_AGREE,VERIFIED,
SC,SC:33,1,SC4331F0,original_raw_grid,VERIFIED,READERS_AGREE,VERIFIED,
SC,SC:33,2,SC4332F0,original_raw_grid,VERIFIED,READERS_AGREE,VERIFIED,
SC,SC:34,1,SC4341F0,original_raw_grid,VERIFIED,READERS_AGREE,VERIFIED,
SC,SC:34,2,SC4342F0,original_raw_grid,VERIFIED,READERS_AGREE,VERIFIED,
SC,SC:35,1,SC4351F0,original_raw_grid,VERIFIED,READERS_AGREE,VERIFIED,
SC,SC:35,2,SC4352F0,original_raw_grid,VERIFIED,READERS_AGREE,VERIFIED,
SC,SC:36,2,SC4362F0,original_raw_grid,BLOCKED,QUARANTINE,BLOCKED,scored annotation extends beyond full physical signal grid
SC,SC:37,1,SC4371F0,original_raw_grid,VERIFIED,READERS_AGREE,VERIFIED,
SC,SC:37,2,SC4372F0,original_raw_grid,VERIFIED,READERS_AGREE,VERIFIED,
SC,SC:38,1,SC4381F0,original_raw_grid,VERIFIED,READERS_AGREE,VERIFIED,
SC,SC:38,2,SC4382F0,original_raw_grid,VERIFIED,READERS_AGREE,VERIFIED,
SC,SC:40,1,SC4401E0,original_raw_grid,VERIFIED,READERS_AGREE,VERIFIED,
SC,SC:40,2,SC4402E0,original_raw_grid,VERIFIED,READERS_AGREE,VERIFIED,
SC,SC:41,1,SC4411E0,original_raw_grid,VERIFIED,READERS_AGREE,VERIFIED,
SC,SC:41,2,SC4412E0,original_raw_grid,VERIFIED,READERS_AGREE,VERIFIED,
SC,SC:42,1,SC4421E0,original_raw_grid,VERIFIED,READERS_AGREE,VERIFIED,
SC,SC:42,2,SC4422E0,original_raw_grid,VERIFIED,READERS_AGREE,VERIFIED,
SC,SC:43,1,SC4431E0,original_raw_grid,VERIFIED,READERS_AGREE,VERIFIED,
SC,SC:43,2,SC4432E0,original_raw_grid,VERIFIED,READERS_AGREE,VERIFIED,
SC,SC:44,1,SC4441E0,original_raw_grid,VERIFIED,READERS_AGREE,VERIFIED,
SC,SC:44,2,SC4442E0,original_raw_grid,VERIFIED,READERS_AGREE,VERIFIED,
SC,SC:45,1,SC4451F0,original_raw_grid,VERIFIED,READERS_AGREE,VERIFIED,
SC,SC:45,2,SC4452F0,original_raw_grid,VERIFIED,READERS_AGREE,VERIFIED,
SC,SC:46,1,SC4461F0,original_raw_grid,VERIFIED,READERS_AGREE,VERIFIED,
SC,SC:46,2,SC4462F0,original_raw_grid,VERIFIED,READERS_AGREE,VERIFIED,
SC,SC:47,1,SC4471F0,original_raw_grid,VERIFIED,READERS_AGREE,VERIFIED,
SC,SC:47,2,SC4472F0,original_raw_grid,VERIFIED,READERS_AGREE,VERIFIED,
SC,SC:48,1,SC4481F0,original_raw_grid,VERIFIED,READERS_AGREE,VERIFIED,
SC,SC:48,2,SC4482F0,original_raw_grid,VERIFIED,READERS_AGREE,VERIFIED,
SC,SC:49,1,SC4491G0,original_raw_grid,VERIFIED,READERS_AGREE,VERIFIED,
SC,SC:49,2,SC4492G0,original_raw_grid,VERIFIED,READERS_AGREE,VERIFIED,
SC,SC:50,1,SC4501E0,original_raw_grid,VERIFIED,READERS_AGREE,VERIFIED,
SC,SC:50,2,SC4502E0,original_raw_grid,VERIFIED,READERS_AGREE,VERIFIED,
SC,SC:51,1,SC4511E0,original_raw_grid,VERIFIED,READERS_AGREE,VERIFIED,
SC,SC:51,2,SC4512E0,original_raw_grid,VERIFIED,READERS_AGREE,VERIFIED,
SC,SC:52,2,SC4522E0,original_raw_grid,VERIFIED,READERS_AGREE,VERIFIED,
SC,SC:53,1,SC4531E0,original_raw_grid,VERIFIED,READERS_AGREE,VERIFIED,
SC,SC:53,2,SC4532E0,original_raw_grid,VERIFIED,READERS_AGREE,VERIFIED,
SC,SC:54,1,SC4541F0,original_raw_grid,VERIFIED,READERS_AGREE,VERIFIED,
SC,SC:54,2,SC4542F0,original_raw_grid,VERIFIED,READERS_AGREE,VERIFIED,
SC,SC:55,1,SC4551F0,original_raw_grid,VERIFIED,READERS_AGREE,VERIFIED,
SC,SC:55,2,SC4552F0,original_raw_grid,VERIFIED,READERS_AGREE,VERIFIED,
SC,SC:56,1,SC4561F0,original_raw_grid,VERIFIED,READERS_AGREE,VERIFIED,
SC,SC:56,2,SC4562F0,original_raw_grid,VERIFIED,READERS_AGREE,VERIFIED,
SC,SC:57,1,SC4571F0,original_raw_grid,VERIFIED,READERS_AGREE,VERIFIED,
SC,SC:57,2,SC4572F0,original_raw_grid,VERIFIED,READERS_AGREE,VERIFIED,
SC,SC:58,1,SC4581G0,original_raw_grid,VERIFIED,READERS_AGREE,VERIFIED,
SC,SC:58,2,SC4582G0,original_raw_grid,VERIFIED,READERS_AGREE,VERIFIED,
SC,SC:59,1,SC4591G0,original_raw_grid,VERIFIED,READERS_AGREE,VERIFIED,
SC,SC:59,2,SC4592G0,original_raw_grid,VERIFIED,READERS_AGREE,VERIFIED,
SC,SC:60,1,SC4601E0,original_raw_grid,VERIFIED,READERS_AGREE,VERIFIED,
SC,SC:60,2,SC4602E0,original_raw_grid,VERIFIED,READERS_AGREE,VERIFIED,
SC,SC:61,1,SC4611E0,original_raw_grid,VERIFIED,READERS_AGREE,VERIFIED,
SC,SC:61,2,SC4612E0,original_raw_grid,VERIFIED,READERS_AGREE,VERIFIED,
SC,SC:62,1,SC4621E0,original_raw_grid,VERIFIED,READERS_AGREE,VERIFIED,
SC,SC:62,2,SC4622E0,original_raw_grid,VERIFIED,READERS_AGREE,VERIFIED,
SC,SC:63,1,SC4631E0,original_raw_grid,VERIFIED,READERS_AGREE,VERIFIED,
SC,SC:63,2,SC4632E0,original_raw_grid,VERIFIED,READERS_AGREE,VERIFIED,
SC,SC:64,1,SC4641E0,original_raw_grid,VERIFIED,READERS_AGREE,VERIFIED,
SC,SC:64,2,SC4642E0,original_raw_grid,VERIFIED,READERS_AGREE,VERIFIED,
SC,SC:65,1,SC4651E0,original_raw_grid,VERIFIED,READERS_AGREE,VERIFIED,
SC,SC:65,2,SC4652E0,original_raw_grid,VERIFIED,READERS_AGREE,VERIFIED,
SC,SC:66,1,SC4661E0,original_raw_grid,VERIFIED,READERS_AGREE,VERIFIED,
SC,SC:66,2,SC4662E0,original_raw_grid,VERIFIED,READERS_AGREE,VERIFIED,
SC,SC:67,1,SC4671G0,original_raw_grid,VERIFIED,READERS_AGREE,VERIFIED,
SC,SC:67,2,SC4672G0,original_raw_grid,VERIFIED,READERS_AGREE,VERIFIED,
SC,SC:70,1,SC4701E0,original_raw_grid,VERIFIED,READERS_AGREE,VERIFIED,
SC,SC:70,2,SC4702E0,original_raw_grid,VERIFIED,READERS_AGREE,VERIFIED,
SC,SC:71,1,SC4711E0,original_raw_grid,VERIFIED,READERS_AGREE,VERIFIED,
SC,SC:71,2,SC4712E0,original_raw_grid,VERIFIED,READERS_AGREE,VERIFIED,
SC,SC:72,1,SC4721E0,original_raw_grid,VERIFIED,READERS_AGREE,VERIFIED,
SC,SC:72,2,SC4722E0,original_raw_grid,VERIFIED,READERS_AGREE,VERIFIED,
SC,SC:73,1,SC4731E0,original_raw_grid,VERIFIED,READERS_AGREE,VERIFIED,
SC,SC:73,2,SC4732E0,original_raw_grid,VERIFIED,READERS_AGREE,VERIFIED,
SC,SC:74,1,SC4741E0,original_raw_grid,VERIFIED,READERS_AGREE,BLOCKED,
SC,SC:74,2,SC4742E0,original_raw_grid,BLOCKED,QUARANTINE,BLOCKED,paired fixed clock or patient/recording fields disagree
SC,SC:75,1,SC4751E0,original_raw_grid,VERIFIED,READERS_AGREE,VERIFIED,
SC,SC:75,2,SC4752E0,original_raw_grid,VERIFIED,READERS_AGREE,VERIFIED,
SC,SC:76,1,SC4761E0,original_raw_grid,VERIFIED,READERS_AGREE,VERIFIED,
SC,SC:76,2,SC4762E0,original_raw_grid,VERIFIED,READERS_AGREE,VERIFIED,
SC,SC:77,1,SC4771G0,original_raw_grid,VERIFIED,READERS_AGREE,VERIFIED,
SC,SC:77,2,SC4772G0,original_raw_grid,VERIFIED,READERS_AGREE,VERIFIED,
SC,SC:80,1,SC4801G0,original_raw_grid,VERIFIED,READERS_AGREE,VERIFIED,
SC,SC:80,2,SC4802G0,original_raw_grid,VERIFIED,READERS_AGREE,VERIFIED,
SC,SC:81,1,SC4811G0,original_raw_grid,VERIFIED,READERS_AGREE,VERIFIED,
SC,SC:81,2,SC4812G0,original_raw_grid,VERIFIED,READERS_AGREE,VERIFIED,
SC,SC:82,1,SC4821G0,original_raw_grid,VERIFIED,READERS_AGREE,VERIFIED,
SC,SC:82,2,SC4822G0,original_raw_grid,VERIFIED,READERS_AGREE,VERIFIED,
ST,ST:01,1,ST7011J0,original_raw_grid,VERIFIED,READERS_AGREE,CONDITIONAL,
ST,ST:01,2,ST7012J0,original_raw_grid,VERIFIED,READERS_AGREE,CONDITIONAL,
ST,ST:02,1,ST7021J0,invalid,VERIFIED,READ_ONLY_COMPATIBILITY,CONDITIONAL,
ST,ST:02,2,ST7022J0,original_raw_grid,VERIFIED,READERS_AGREE,CONDITIONAL,
ST,ST:04,1,ST7041J0,original_raw_grid,VERIFIED,READERS_AGREE,CONDITIONAL,
ST,ST:04,2,ST7042J0,original_raw_grid,VERIFIED,READERS_AGREE,CONDITIONAL,
ST,ST:05,1,ST7051J0,original_raw_grid,VERIFIED,READERS_AGREE,CONDITIONAL,
ST,ST:05,2,ST7052J0,original_raw_grid,VERIFIED,READERS_AGREE,CONDITIONAL,
ST,ST:06,1,ST7061J0,original_raw_grid,VERIFIED,READERS_AGREE,CONDITIONAL,
ST,ST:06,2,ST7062J0,original_raw_grid,VERIFIED,READERS_AGREE,CONDITIONAL,
ST,ST:07,1,ST7071J0,invalid,VERIFIED,READ_ONLY_COMPATIBILITY,CONDITIONAL,
ST,ST:07,2,ST7072J0,original_raw_grid,VERIFIED,READERS_AGREE,CONDITIONAL,
ST,ST:08,1,ST7081J0,original_raw_grid,VERIFIED,READERS_AGREE,CONDITIONAL,
ST,ST:08,2,ST7082J0,original_raw_grid,VERIFIED,READERS_AGREE,CONDITIONAL,
ST,ST:09,1,ST7091J0,original_raw_grid,VERIFIED,READERS_AGREE,CONDITIONAL,
ST,ST:09,2,ST7092J0,invalid,VERIFIED,READ_ONLY_COMPATIBILITY,CONDITIONAL,
ST,ST:10,1,ST7101J0,original_raw_grid,VERIFIED,READERS_AGREE,CONDITIONAL,
ST,ST:10,2,ST7102J0,original_raw_grid,VERIFIED,READERS_AGREE,CONDITIONAL,
ST,ST:11,1,ST7111J0,original_raw_grid,VERIFIED,READERS_AGREE,CONDITIONAL,
ST,ST:11,2,ST7112J0,original_raw_grid,VERIFIED,READERS_AGREE,CONDITIONAL,
ST,ST:12,1,ST7121J0,original_raw_grid,VERIFIED,READERS_AGREE,CONDITIONAL,
ST,ST:12,2,ST7122J0,original_raw_grid,VERIFIED,READERS_AGREE,CONDITIONAL,
ST,ST:13,1,ST7131J0,invalid,VERIFIED,READ_ONLY_COMPATIBILITY,CONDITIONAL,
ST,ST:13,2,ST7132J0,invalid,VERIFIED,READ_ONLY_COMPATIBILITY,CONDITIONAL,
ST,ST:14,1,ST7141J0,invalid,VERIFIED,READ_ONLY_COMPATIBILITY,CONDITIONAL,
ST,ST:14,2,ST7142J0,invalid,VERIFIED,READ_ONLY_COMPATIBILITY,CONDITIONAL,
ST,ST:15,1,ST7151J0,original_raw_grid,VERIFIED,READERS_AGREE,CONDITIONAL,
ST,ST:15,2,ST7152J0,original_raw_grid,VERIFIED,READERS_AGREE,CONDITIONAL,
ST,ST:16,1,ST7161J0,original_raw_grid,VERIFIED,READERS_AGREE,CONDITIONAL,
ST,ST:16,2,ST7162J0,original_raw_grid,VERIFIED,READERS_AGREE,CONDITIONAL,
ST,ST:17,1,ST7171J0,original_raw_grid,VERIFIED,READERS_AGREE,CONDITIONAL,
ST,ST:17,2,ST7172J0,original_raw_grid,VERIFIED,READERS_AGREE,CONDITIONAL,
ST,ST:18,1,ST7181J0,original_raw_grid,VERIFIED,READERS_AGREE,CONDITIONAL,
ST,ST:18,2,ST7182J0,original_raw_grid,VERIFIED,READERS_AGREE,CONDITIONAL,
ST,ST:19,1,ST7191J0,original_raw_grid,VERIFIED,READERS_AGREE,CONDITIONAL,
ST,ST:19,2,ST7192J0,original_raw_grid,VERIFIED,READERS_AGREE,CONDITIONAL,
ST,ST:20,1,ST7201J0,original_raw_grid,VERIFIED,READERS_AGREE,CONDITIONAL,
ST,ST:20,2,ST7202J0,original_raw_grid,VERIFIED,READERS_AGREE,CONDITIONAL,
ST,ST:21,1,ST7211J0,original_raw_grid,VERIFIED,READERS_AGREE,CONDITIONAL,
ST,ST:21,2,ST7212J0,original_raw_grid,VERIFIED,READERS_AGREE,CONDITIONAL,
ST,ST:22,1,ST7221J0,original_raw_grid,VERIFIED,READERS_AGREE,CONDITIONAL,
ST,ST:22,2,ST7222J0,original_raw_grid,VERIFIED,READERS_AGREE,CONDITIONAL,
ST,ST:24,1,ST7241J0,original_raw_grid,VERIFIED,READERS_AGREE,CONDITIONAL,
ST,ST:24,2,ST7242J0,original_raw_grid,VERIFIED,READERS_AGREE,CONDITIONAL,
