dataset,recording_id,Wake_retained,Wake_excluded,N1_retained,N1_excluded,N2_retained,N2_excluded,N3_retained,N3_excluded,REM_retained,REM_excluded,unscored_retained,unscored_excluded,all_scored_epochs,remove_unscored_then_60_scored_epochs_each_edge,60_original_epochs_each_edge_then_remove_unscored
edf20_npz,SC4001E0,188,1809,58,0,250,0,220,0,125,0,0,0,False,True,True
edf78_npz,SC4001E0,188,1809,58,0,250,0,220,0,125,0,0,0,False,True,True
edf20_npz,SC4002E0,183,1702,59,0,373,0,297,0,215,0,0,1,False,True,True
edf78_npz,SC4002E0,183,1702,59,0,373,0,297,0,215,0,0,1,False,True,True
edf20_npz,SC4011E0,157,1699,109,0,562,0,105,0,170,0,0,0,False,True,True
edf78_npz,SC4011E0,157,1699,109,0,562,0,105,0,170,0,0,0,False,True,True
edf20_npz,SC4012E0,162,1662,92,0,660,0,96,0,176,0,0,2,False,True,True
edf78_npz,SC4012E0,162,1662,92,0,660,0,96,0,176,0,0,2,False,True,True
edf20_npz,SC4021E0,128,1779,94,0,545,0,95,0,163,0,0,0,False,True,True
edf78_npz,SC4021E0,128,1779,94,0,545,0,95,0,163,0,0,0,False,True,True
edf20_npz,SC4022E0,125,1746,184,0,402,0,119,0,179,0,0,1,False,True,True
edf78_npz,SC4022E0,125,1746,184,0,402,0,119,0,179,0,0,1,False,True,True
edf20_npz,SC4031E0,140,1868,61,0,485,0,57,0,209,0,0,0,False,True,True
edf78_npz,SC4031E0,140,1868,61,0,485,0,57,0,209,0,0,0,False,True,True
edf20_npz,SC4032E0,136,1821,45,0,400,0,131,0,199,0,0,0,False,True,True
edf78_npz,SC4032E0,136,1821,45,0,400,0,131,0,199,0,0,0,False,True,True
edf20_npz,SC4041E0,200,1334,166,0,620,0,53,0,196,0,0,1,False,True,True
edf78_npz,SC4041E0,200,1334,166,0,620,0,53,0,196,0,0,1,False,True,True
edf20_npz,SC4042E0,185,1588,137,0,514,0,94,0,270,0,0,4,False,True,True
edf78_npz,SC4042E0,185,1588,137,0,514,0,94,0,270,0,0,4,False,True,True
edf20_npz,SC4051E0,208,2050,44,0,217,0,135,0,68,0,0,0,False,True,True
edf78_npz,SC4051E0,208,2050,44,0,217,0,135,0,68,0,0,0,False,True,True
edf20_npz,SC4052E0,222,1558,114,0,616,0,114,0,180,0,0,2,False,True,True
edf78_npz,SC4052E0,222,1558,114,0,616,0,114,0,180,0,0,2,False,True,True
edf20_npz,SC4061E0,142,1927,56,0,407,0,136,0,102,0,0,0,False,True,True
edf78_npz,SC4061E0,142,1927,56,0,407,0,136,0,102,0,0,0,False,True,True
edf20_npz,SC4062E0,193,1814,90,0,417,0,129,0,187,0,0,0,False,True,True
edf78_npz,SC4062E0,193,1814,90,0,417,0,129,0,187,0,0,0,False,True,True
edf20_npz,SC4071E0,124,1834,89,0,403,0,162,0,198,0,0,0,False,True,True
edf78_npz,SC4071E0,124,1834,89,0,403,0,162,0,198,0,0,0,False,True,True
edf20_npz,SC4072E0,407,1497,84,0,392,0,222,0,168,0,0,0,False,True,True
edf78_npz,SC4072E0,407,1497,84,0,392,0,222,0,168,0,0,0,False,True,True
edf20_npz,SC4081E0,323,1662,68,0,262,0,350,0,131,0,0,0,False,True,True
edf78_npz,SC4081E0,323,1662,68,0,262,0,350,0,131,0,0,0,False,True,True
edf20_npz,SC4082E0,144,1580,39,0,329,0,282,0,260,0,0,0,False,True,True
edf78_npz,SC4082E0,144,1580,39,0,329,0,282,0,260,0,0,0,False,True,True
edf20_npz,SC4091E0,150,1589,19,0,561,0,170,0,232,0,0,11,False,True,True
edf78_npz,SC4091E0,150,1589,19,0,561,0,170,0,232,0,0,11,False,True,True
edf20_npz,SC4092E0,140,939,81,0,512,0,107,0,265,0,0,814,False,True,False
edf78_npz,SC4092E0,140,939,81,0,512,0,107,0,265,0,0,814,False,True,False
edf20_npz,SC4101E0,155,1615,65,0,671,0,6,0,207,0,0,1,False,True,True
edf78_npz,SC4101E0,155,1615,65,0,671,0,6,0,207,0,0,1,False,True,True
edf20_npz,SC4102E0,144,1765,117,0,607,0,25,0,199,0,0,1,False,True,True
edf78_npz,SC4102E0,144,1765,117,0,607,0,25,0,199,0,0,1,False,True,True
edf20_npz,SC4111E0,126,1713,13,0,502,0,129,0,158,0,0,1,False,True,True
edf78_npz,SC4111E0,126,1713,13,0,502,0,129,0,158,0,0,1,False,True,True
edf20_npz,SC4112E0,126,1978,18,0,396,0,111,0,151,0,0,0,False,True,True
edf78_npz,SC4112E0,126,1978,18,0,396,0,111,0,151,0,0,0,False,True,True
edf20_npz,SC4121E0,176,1633,48,0,463,0,107,0,258,0,0,101,False,True,True
edf78_npz,SC4121E0,176,1633,48,0,463,0,107,0,258,0,0,101,False,True,True
edf20_npz,SC4122E0,290,1629,121,0,287,0,80,0,199,0,0,0,False,True,True
edf78_npz,SC4122E0,290,1629,121,0,287,0,80,0,199,0,0,0,False,True,True
edf20_npz,SC4131E0,155,1786,57,0,497,0,147,0,172,0,0,0,False,True,True
edf78_npz,SC4131E0,155,1786,57,0,497,0,147,0,172,0,0,0,False,True,True
edf20_npz,SC4141E0,187,1752,29,0,404,0,151,0,233,0,0,0,False,True,True
edf78_npz,SC4141E0,187,1752,29,0,404,0,151,0,233,0,0,0,False,True,True
edf20_npz,SC4142E0,181,1822,27,0,386,0,145,0,213,0,0,0,False,True,True
edf78_npz,SC4142E0,181,1822,27,0,386,0,145,0,213,0,0,0,False,True,True
edf20_npz,SC4151E0,172,1664,41,0,354,0,177,0,208,0,0,4,False,True,True
edf78_npz,SC4151E0,172,1664,41,0,354,0,177,0,208,0,0,4,False,True,True
edf20_npz,SC4152E0,807,1097,47,0,438,0,178,0,292,0,0,5,False,True,True
edf78_npz,SC4152E0,807,1097,47,0,438,0,178,0,292,0,0,5,False,True,True
edf20_npz,SC4161E0,216,1477,55,0,448,0,165,0,260,0,0,5,False,True,True
edf78_npz,SC4161E0,216,1477,55,0,448,0,165,0,260,0,0,5,False,True,True
edf20_npz,SC4162E0,179,1747,42,0,459,0,128,0,195,0,0,2,False,True,True
edf78_npz,SC4162E0,179,1747,42,0,459,0,128,0,195,0,0,2,False,True,True
edf20_npz,SC4171E0,176,1739,21,0,328,0,215,0,262,0,0,1,False,True,True
edf78_npz,SC4171E0,176,1739,21,0,328,0,215,0,262,0,0,1,False,True,True
edf20_npz,SC4172E0,689,947,44,0,687,0,188,0,165,0,0,4,False,True,True
edf78_npz,SC4172E0,689,947,44,0,687,0,188,0,165,0,0,4,False,True,True
edf20_npz,SC4181E0,138,1792,29,0,388,0,291,0,118,0,0,0,False,True,True
edf78_npz,SC4181E0,138,1792,29,0,388,0,291,0,118,0,0,0,False,True,True
edf20_npz,SC4182E0,147,1922,151,0,290,0,216,0,116,0,0,0,False,True,True
edf78_npz,SC4182E0,147,1922,151,0,290,0,216,0,116,0,0,0,False,True,True
edf20_npz,SC4191E0,188,1239,118,0,833,0,110,0,286,0,0,0,False,True,True
edf78_npz,SC4191E0,188,1239,118,0,833,0,110,0,286,0,0,0,False,True,True
edf20_npz,SC4192E0,376,1331,72,0,434,0,60,0,332,0,0,5,False,True,True
edf78_npz,SC4192E0,376,1331,72,0,434,0,60,0,332,0,0,5,False,True,True
edf78_npz,SC4201E0,263,1781,39,0,539,0,4,0,177,0,0,1,False,True,True
edf78_npz,SC4202E0,215,1649,120,0,479,0,0,0,207,0,0,0,False,True,True
edf78_npz,SC4211E0,745,1227,106,0,527,0,49,0,151,0,0,5,False,True,True
edf78_npz,SC4212E0,189,1886,87,0,402,0,43,0,87,0,0,0,False,True,True
edf78_npz,SC4221E0,173,1601,221,0,461,0,62,0,182,0,0,0,False,True,True
edf78_npz,SC4222E0,167,1652,90,0,497,0,134,0,220,0,0,0,False,True,True
edf78_npz,SC4231E0,127,1839,139,0,414,0,12,0,212,0,0,3,False,True,True
edf78_npz,SC4232E0,916,906,382,0,213,0,1,0,217,0,0,5,False,True,True
edf78_npz,SC4241E0,846,1027,85,0,514,0,44,0,184,0,0,2,False,True,True
edf78_npz,SC4242E0,944,935,94,0,556,0,5,0,176,0,0,0,False,True,True
edf78_npz,SC4251E0,133,1788,102,0,569,0,22,0,146,0,0,0,False,True,True
edf78_npz,SC4252E0,210,1645,113,0,425,0,98,0,174,0,0,1,False,True,True
edf78_npz,SC4261F0,627,1203,245,0,405,0,94,0,226,0,0,0,False,True,True
edf78_npz,SC4262F0,167,1740,77,0,464,0,79,0,193,0,0,0,False,True,True
edf78_npz,SC4271F0,168,1388,72,0,475,0,163,0,174,0,0,0,False,True,True
edf78_npz,SC4272F0,223,1780,87,0,379,0,178,0,223,0,0,0,False,True,True
edf78_npz,SC4281G0,193,1661,76,0,530,0,159,0,169,0,0,0,False,True,True
edf78_npz,SC4282G0,204,1744,81,0,474,0,145,0,166,0,0,0,False,True,True
edf78_npz,SC4291G0,244,1625,181,0,427,0,104,0,175,0,0,0,False,True,True
edf78_npz,SC4292G0,733,1202,49,0,457,0,146,0,220,0,0,3,False,True,True
edf78_npz,SC4301E0,211,1715,109,0,457,0,30,0,122,0,0,2,False,True,True
edf78_npz,SC4302E0,173,1954,96,0,418,0,32,0,135,0,0,0,False,True,True
edf78_npz,SC4311E0,358,1616,79,0,362,0,113,0,142,0,0,0,False,True,True
edf78_npz,SC4312E0,313,1519,152,0,334,0,191,0,191,0,0,0,False,True,True
edf78_npz,SC4321E0,646,1129,204,0,424,0,0,0,286,0,0,1,False,True,True
edf78_npz,SC4322E0,160,1595,144,0,475,0,1,0,241,0,0,0,False,True,True
edf78_npz,SC4331F0,1055,921,212,0,453,0,0,0,168,0,0,1,False,True,True
edf78_npz,SC4332F0,435,1446,91,0,648,0,0,0,138,0,0,2,False,True,True
edf78_npz,SC4341F0,618,1249,150,0,561,0,0,0,172,0,0,0,False,True,True
edf78_npz,SC4342F0,684,1208,136,0,596,0,0,0,166,0,0,0,False,True,True
edf78_npz,SC4351F0,351,1734,78,0,419,0,104,0,24,0,0,0,False,True,True
edf78_npz,SC4352F0,222,1567,66,0,498,0,105,0,72,0,0,2,False,True,True
edf78_npz,SC4362F0,156,1442,53,0,499,0,48,0,68,0,0,0,False,True,True
edf78_npz,SC4371F0,144,1932,234,0,484,0,11,0,45,0,0,0,False,True,True
edf78_npz,SC4372F0,682,1331,282,0,433,0,6,0,106,0,0,0,False,True,True
edf78_npz,SC4381F0,893,974,95,0,612,0,16,0,160,0,0,0,False,True,True
edf78_npz,SC4382F0,979,899,103,0,583,0,37,0,169,0,0,0,False,True,True
edf78_npz,SC4401E0,410,1566,163,0,377,0,4,0,110,0,0,0,False,True,True
edf78_npz,SC4402E0,209,1718,92,0,375,0,142,0,254,0,0,0,False,True,True
edf78_npz,SC4411E0,181,1650,145,0,502,0,46,0,204,0,0,0,False,True,True
edf78_npz,SC4412E0,178,1841,64,0,356,0,226,0,100,0,0,93,False,True,True
edf78_npz,SC4421E0,147,1979,34,0,283,0,163,0,158,0,0,0,False,True,True
edf78_npz,SC4422E0,215,1798,159,0,298,0,124,0,88,0,0,0,False,True,True
edf78_npz,SC4431E0,142,2024,63,0,331,0,82,0,81,0,0,87,False,True,True
edf78_npz,SC4432E0,150,1818,41,0,430,0,144,0,197,0,0,0,False,True,True
edf78_npz,SC4441E0,416,1425,183,0,405,0,91,0,100,0,0,0,False,True,True
edf78_npz,SC4442E0,282,1686,92,0,530,0,92,0,96,0,0,0,False,True,True
edf78_npz,SC4451F0,269,1582,235,0,258,0,307,0,139,0,0,0,False,True,True
edf78_npz,SC4452F0,191,1504,162,0,358,0,267,0,188,0,0,0,False,True,True
edf78_npz,SC4461F0,196,1712,118,0,484,0,9,0,176,0,0,1,False,True,True
edf78_npz,SC4462F0,147,1832,198,0,472,0,19,0,186,0,0,2,False,True,True
edf78_npz,SC4471F0,365,1552,78,0,349,0,275,0,120,0,0,1,False,True,True
edf78_npz,SC4472F0,1437,628,161,0,299,0,144,0,120,0,0,1,False,True,True
edf78_npz,SC4481F0,926,853,299,0,471,0,95,0,236,0,0,0,False,True,True
edf78_npz,SC4482F0,968,970,146,0,520,0,116,0,160,0,0,0,False,True,True
edf78_npz,SC4491G0,210,1699,149,0,512,0,14,0,216,0,0,0,False,True,True
edf78_npz,SC4492G0,307,1095,157,0,416,0,27,0,133,0,0,1,False,True,True
edf78_npz,SC4501E0,539,1424,190,0,402,0,2,0,193,0,0,0,False,True,True
edf78_npz,SC4502E0,299,1667,78,0,493,0,42,0,191,0,0,0,False,True,True
edf78_npz,SC4511E0,151,1625,409,0,398,0,3,0,126,0,0,0,False,True,True
edf78_npz,SC4512E0,226,1796,179,0,435,0,2,0,112,0,0,0,False,True,True
edf78_npz,SC4522E0,283,1777,89,0,530,0,11,0,84,0,0,0,False,True,True
edf78_npz,SC4531E0,242,1506,124,0,465,0,85,0,180,0,0,0,False,True,True
edf78_npz,SC4532E0,175,1688,147,0,543,0,21,0,170,0,0,0,False,True,True
edf78_npz,SC4541F0,820,1023,199,0,557,0,5,0,135,0,0,1,False,True,True
edf78_npz,SC4542F0,281,1532,208,0,461,0,78,0,120,0,0,0,False,True,True
edf78_npz,SC4551F0,314,1725,91,0,487,0,48,0,107,0,0,0,False,True,True
edf78_npz,SC4552F0,334,1720,115,0,395,0,1,0,245,0,0,0,False,True,True
edf78_npz,SC4561F0,281,1465,521,0,272,0,50,0,113,0,0,2,False,True,True
edf78_npz,SC4562F0,283,1652,365,0,335,0,28,0,137,0,0,0,False,True,True
edf78_npz,SC4571F0,287,1600,186,0,513,0,0,0,250,0,0,14,False,True,False
edf78_npz,SC4572F0,175,1778,104,0,569,0,29,0,218,0,0,7,False,True,True
edf78_npz,SC4581G0,194,1643,152,0,578,0,10,0,161,0,0,0,False,True,True
edf78_npz,SC4582G0,345,1459,195,0,543,0,6,0,86,0,0,0,False,True,True
edf78_npz,SC4591G0,863,979,199,0,363,0,157,0,258,0,0,1,False,True,True
edf78_npz,SC4592G0,504,809,194,0,277,0,101,0,155,0,0,0,False,True,True
edf78_npz,SC4601E0,601,1381,38,0,252,0,288,0,170,0,0,0,False,True,True
edf78_npz,SC4602E0,1111,757,223,0,264,0,196,0,249,0,0,0,False,True,True
edf78_npz,SC4611E0,715,992,123,0,276,0,139,0,399,0,0,6,False,True,True
edf78_npz,SC4612E0,208,1668,96,0,479,0,65,0,214,0,0,0,False,True,True
edf78_npz,SC4621E0,332,1167,276,0,745,0,14,0,78,0,0,0,False,True,True
edf78_npz,SC4622E0,926,1033,347,0,431,0,4,0,115,0,0,0,False,True,True
edf78_npz,SC4631E0,292,1695,131,0,481,0,39,0,120,0,0,0,False,True,True
edf78_npz,SC4632E0,224,1741,157,0,558,0,28,0,140,0,0,0,False,True,True
edf78_npz,SC4641E0,632,1409,179,0,382,0,0,0,78,0,0,0,False,True,True
edf78_npz,SC4642E0,1161,741,243,0,518,0,0,0,127,0,0,0,False,True,True
edf78_npz,SC4651E0,1424,216,100,0,821,0,140,0,159,0,0,0,False,True,True
edf78_npz,SC4652E0,865,909,204,0,463,0,186,0,211,0,0,2,False,True,True
edf78_npz,SC4661E0,1079,638,375,0,422,0,40,0,110,0,0,76,False,True,True
edf78_npz,SC4662E0,1017,826,235,0,414,0,78,0,250,0,0,0,False,True,True
edf78_npz,SC4671G0,939,812,356,0,507,0,17,0,149,0,0,0,False,True,True
edf78_npz,SC4672G0,345,1559,213,0,339,0,29,0,95,0,0,0,False,True,True
edf78_npz,SC4701E0,736,962,143,0,698,0,35,0,105,0,0,1,False,True,True
edf78_npz,SC4702E0,707,1109,233,0,444,0,33,0,98,0,0,0,False,True,True
edf78_npz,SC4711E0,452,1317,234,0,605,0,4,0,118,0,0,0,False,True,True
edf78_npz,SC4712E0,430,1579,230,0,446,0,0,0,135,0,0,0,False,True,True
edf78_npz,SC4721E0,257,1311,259,0,341,0,0,0,174,0,0,0,False,True,True
edf78_npz,SC4722E0,310,1616,240,0,444,0,0,0,136,0,0,0,False,True,True
edf78_npz,SC4731E0,1840,113,222,0,470,0,0,0,135,0,0,0,False,True,True
edf78_npz,SC4732E0,1349,201,470,0,363,0,0,0,136,0,0,1,False,True,True
edf78_npz,SC4741E0,1229,479,158,0,610,0,0,0,213,0,0,1,False,True,True
edf78_npz,SC4742E0,308,1587,207,0,340,0,0,0,208,0,0,0,False,True,True
edf78_npz,SC4751E0,1428,636,102,0,467,0,0,0,47,0,0,0,False,True,True
edf78_npz,SC4752E0,378,1421,143,0,436,0,20,0,72,0,0,0,False,True,True
edf78_npz,SC4761E0,1069,927,127,0,425,0,27,0,35,0,0,20,False,True,True
edf78_npz,SC4762E0,1839,0,161,0,268,0,0,0,394,0,0,148,True,True,True
edf78_npz,SC4771G0,402,1431,348,0,461,0,5,0,109,0,0,0,False,True,True
edf78_npz,SC4772G0,753,918,111,0,240,0,87,0,133,0,0,0,False,True,True
edf78_npz,SC4801G0,288,1533,203,0,595,0,13,0,142,0,0,0,False,True,True
edf78_npz,SC4802G0,342,1581,204,0,541,0,6,0,136,0,0,0,False,True,True
edf78_npz,SC4811G0,360,1109,88,0,528,0,121,0,196,0,0,0,False,True,True
edf78_npz,SC4812G0,458,1231,138,0,347,0,102,0,138,0,0,2,False,True,True
edf78_npz,SC4821G0,841,1017,66,0,407,0,162,0,228,0,0,1,False,True,True
edf78_npz,SC4822G0,510,1444,121,0,400,0,156,0,179,0,0,0,False,True,True
