variant,seed,parameters,trainable_parameters,best_epoch,actual_epochs,optimizer_steps,train_seconds,validation_seconds,epoch_wall_seconds,train_io_seconds,val_io_seconds,train_scored_epochs_per_second,peak_gpu_allocated_bytes,peak_gpu_reserved_bytes,peak_process_rss_KiB,mean_subject_macro_f1,macro_f1,accuracy,kappa,balanced_accuracy,nll,brier_score,ece_15_equal_width_bins,F1_W,F1_N1,F1_N2,F1_N3,F1_REM,one_class_prediction_epochs,near_collapse_98_percent_epochs,best_checkpoint_zero_predicted_stages,val_subject_F1_sd,val_subject_F1_min,val_subject_F1_max
attnsleep,123,522805,522805,12,24,119472,1572.7965052110958,106.99361039604992,1680.5499437130056,151.75866342589143,39.44849287631223,1205.877552319106,693566464,2315255808,1688320,0.31837493927093996,0.345903213590359,0.7621735738216532,0.4391177710532099,0.34237973385203946,0.9464167867826463,0.35975713738628157,0.12216257977476896,0.8877322964822583,0.08720271800679502,0.6349723217193096,0.10415094339622641,0.015457788347205707,2,5,,0.07302392757713372,0.24641860757176914,0.3896653021464812
evidence,123,13556,13556,33,45,224010,3421.6396626520436,469.6285865690443,3892.1270305309445,288.2568109018612,74.48669362897635,1039.3043542299015,195537408,257949696,1901580,0.7355947539138789,0.7548246984205303,0.9057781449355179,0.8128074978342086,0.7468677471869902,0.31339372650760056,0.14435347389897524,0.022338111707039303,0.9695084848894598,0.42965459140690815,0.8299929922915207,0.8380308154829011,0.706936608031862,0,0,,0.0706421028808409,0.6315729581776461,0.7892627925579092
summary_only,123,12116,260,58,60,298680,895.3318106329534,213.44919956213562,1109.5799987188948,360.23227023825166,98.55025709696929,5295.802007356361,68585472,69206016,1901580,0.5123920453268052,0.5160545140243606,0.8170177612556795,0.5995758292777628,0.4857897082948715,0.7682620524631406,0.2955093691627141,0.06999978194564363,0.9043645083932854,0.006557377049180328,0.7427055702917772,0.46068548387096775,0.46595963051659256,0,1,,0.07502356188653214,0.4299094972204854,0.5810565456235511
raw_context,123,34197,33957,28,40,199120,1920.1378105378826,196.71098486497067,2117.5932721458958,253.1252512751671,65.88117843228974,1646.2360059013256,194019840,243269632,1903228,0.7215141151347595,0.7453540756239753,0.9054568819128919,0.8113237154204779,0.7259337296684604,0.39803300655794494,0.14502754443771612,0.041106284546914444,0.9700671548611346,0.37858508604206503,0.8256474172552278,0.8435708435708436,0.7088998763906057,0,0,,0.09385997617269953,0.5889037866753924,0.8019713039880545
attnsleep,456,522805,522805,2,14,69692,923.9551646329928,62.91694485198241,987.2344276420481,88.8338964562281,23.073155640799087,1197.4065867573313,693566464,1730150400,1903452,0.3151450907909388,0.33561504281446075,0.6373858368901739,0.3765770644982222,0.43740706164613136,1.187966111904502,0.4990620858081577,0.12035601856819156,0.8297778105853695,0.16429539295392953,0.6083125275370833,0.006339144215530904,0.0693503387803906,0,3,,0.069074332088796,0.23751232949271897,0.3873175662630464
evidence,456,13556,13556,18,30,149340,2294.0114592198515,314.49896507212543,2609.058864182123,192.6288269064098,49.790752028347924,1033.451681538786,195537408,257949696,1903900,0.7037100739542521,0.7249113689188771,0.8953600440589288,0.7922934990110208,0.720605303179051,0.4425963359338948,0.16144686876907532,0.027336241586019366,0.9657784390639794,0.3552123552123552,0.8053938963804116,0.8195435092724679,0.6786286446651714,0,0,,0.07512160581607015,0.5927652693309028,0.7541158703025876
summary_only,456,12116,260,58,60,298680,896.3119181818911,213.52191776916152,1110.5901583157538,359.8447280843975,98.63456271882751,5290.011104189953,68585472,69206016,1903900,0.5115485956732435,0.5155567517701724,0.8170177612556795,0.5983284861630775,0.48441704147759845,0.7679230116076626,0.2952532406939855,0.07056649839042647,0.9042862158108065,0.006557377049180328,0.7417061611374408,0.4636955433149725,0.46153846153846156,0,1,,0.07592508321494928,0.42696658759951794,0.5780642888276178
raw_context,456,34197,33957,7,19,94582,911.3967650319973,93.593194177025,1005.3091399100667,120.36253349221079,31.313982010091422,1647.4438549793254,194019840,243269632,1903900,0.7196135748119601,0.7375144863204011,0.9030244618844371,0.8074460379921975,0.7314801162639151,0.3791014670291864,0.1502199672745766,0.027036699900374727,0.9674868189806678,0.33766233766233766,0.8185641769398114,0.8470499812100714,0.7168091168091169,0,0,,0.06826533468761997,0.6175425944464001,0.7592201582237683
attnsleep,789,522805,522805,8,20,99560,1319.83747003405,89.73620184202446,1410.0667387569847,126.83470202365424,32.93670557808946,1197.4959310400736,693566464,1147142144,1904124,0.30442992526614265,0.3253256292129633,0.7365643214466014,0.36837856724863766,0.3434404284171508,1.0926751120709555,0.40594157788431867,0.14909304737459328,0.8607955406101366,0.17842741935483872,0.5874051860998413,0.0,0.0,1,2,N3;REM,0.048970975293332344,0.2698405627026701,0.3770451388509411
evidence,789,13556,13556,25,37,184186,2829.848050361121,387.8085341868573,3218.325604692014,237.40506231508334,61.361486172972945,1033.2445233682683,195537408,257949696,1904124,0.7147894126346563,0.7346910751656155,0.8982973059800817,0.7962667350508612,0.7147749405068312,0.4955717833880669,0.15952024112795635,0.03033517052764121,0.9641353763259808,0.3811357074109721,0.8185561350535273,0.839418924224578,0.6702092328130189,0,0,,0.06996921388640795,0.6107347168446886,0.7623940862225196
summary_only,789,12116,260,60,60,298680,895.554229772999,213.66711250095977,1109.9970039778855,359.6152167895634,98.59413538797526,5294.486746159251,68585472,69206016,1904124,0.5125310837697881,0.5158932778927274,0.8160539721878012,0.5998759303676096,0.4870611232300829,0.7669192967353368,0.2950242949264588,0.06866389732816247,0.903996148290804,0.006557377049180328,0.7414492753623189,0.46404895461499235,0.4634146341463415,0,1,,0.0723925260400504,0.431875639492693,0.5798573721393739
raw_context,789,34197,33957,12,24,119472,1152.384047573898,118.10241068998585,1270.944920855749,152.04534609030816,39.520896738016745,1645.8054968678991,194019840,243269632,1911292,0.7294050653710085,0.7388111743781346,0.9069255128734682,0.8135959839813357,0.7264339562986349,0.40445006981482007,0.14597241245482467,0.0442568523333758,0.9679133593434683,0.31844215349369986,0.8278735632183908,0.8549905838041432,0.7248362120309708,0,0,,0.04664472612114899,0.663090116753089,0.7698490218128232
